vector_0,vector_1,vector_2,vector_3,vector_4,vector_5,vector_6,vector_7,vector_8,vector_9,vector_10,vector_11,vector_12,vector_13,vector_14,vector_15,vector_16,vector_17,vector_18,vector_19,vector_20,vector_21,vector_22,vector_23,vector_24,vector_25,vector_26,vector_27,vector_28,vector_29,vector_30,vector_31,vector_32,vector_33,vector_34,vector_35,vector_36,vector_37,vector_38,vector_39,track_name
0.032171965,-0.023181358,0.016513651,-0.008646631,-0.03303342,0.03613372,0.039095815,0.034732837,-0.035724383,0.0022492213,0.0131439185,-0.033801023,0.010053788,0.025086999,-0.019353574,0.025312297,-0.002376572,-0.031845387,-0.0032393008,-0.0089612445,-0.02378464,-0.025434488,0.019425407,-0.039318193,-0.02943053,-0.035201486,-0.034113225,-0.03115984,-0.013225966,0.026444321,-0.020259969,-0.027177759,0.0010399279,0.040116407,-0.034130707,-0.006103577,0.029249646,-0.040787984,0.030507386,0.035507128,클락션 (Klaxon)
0.03211962,-0.023200018,0.016510768,-0.008635295,-0.03305551,0.036193844,0.039115455,0.03473704,-0.03569177,0.0022827724,0.013123426,-0.03375579,0.010066357,0.025162645,-0.019334026,0.025316514,-0.0023671922,-0.031867146,-0.0032829198,-0.008948733,-0.023770027,-0.025464589,0.019412251,-0.03929008,-0.0294737,-0.035128735,-0.03411528,-0.031069336,-0.013258856,0.02648235,-0.020256266,-0.027120471,0.0009771785,0.040122215,-0.034126457,-0.006117335,0.029281333,-0.04076682,0.03054902,0.035487983,위태로울걸
0.031771805,-0.022424383,0.01649829,-0.009484167,-0.033109788,0.036274526,0.039249685,0.03482318,-0.0355325,0.0027448805,0.013816687,-0.03413081,0.010618411,0.026038291,-0.019553611,0.02524933,-0.001737079,-0.032098647,-0.0028377965,-0.008904944,-0.023137698,-0.025136242,0.019767739,-0.038616884,-0.029301027,-0.03429903,-0.033680033,-0.030457178,-0.013741955,0.026356734,-0.020407027,-0.026734238,2.822699e-05,0.040963847,-0.03457666,-0.0063859695,0.029641844,-0.040162902,0.030804351,0.03545921,"모든 날, 모든 순간 (Every day, Every Moment)"
0.032063946,-0.023018448,0.016511489,-0.008750531,-0.033108275,0.036195938,0.039173707,0.03476237,-0.035677668,0.0023621484,0.013260196,-0.033847075,0.010183621,0.025292814,-0.019371184,0.025331661,-0.0022838851,-0.03188794,-0.0031816794,-0.008933033,-0.023653606,-0.02542247,0.019432113,-0.039176557,-0.029398642,-0.034974396,-0.034015488,-0.030978756,-0.013324191,0.026450282,-0.020267894,-0.027057827,0.0008595103,0.040251583,-0.034182046,-0.0062123328,0.0293276,-0.04065703,0.030586451,0.035509508,한 페이지가 될 수 있게
0.032050695,-0.022978716,0.016511275,-0.0088587,-0.033013146,0.03616163,0.039172113,0.034753654,-0.03563833,0.0023759704,0.013308787,-0.03386965,0.010190762,0.025335543,-0.019372238,0.025328502,-0.0022270505,-0.031916574,-0.003135083,-0.008947776,-0.023607833,-0.025350308,0.019514987,-0.039138857,-0.029342415,-0.034961395,-0.034018878,-0.031011922,-0.013364357,0.026405029,-0.020267872,-0.027042992,0.00079829694,0.040347453,-0.034216158,-0.006180402,0.029364014,-0.040647212,0.030607762,0.035507515,Mantra
0.03208496,-0.022988357,0.016509762,-0.008810948,-0.03310954,0.03619526,0.039153162,0.034764066,-0.03566752,0.0023786072,0.013341551,-0.033880733,0.010219104,0.025339268,-0.019373009,0.025282927,-0.0021999718,-0.031907916,-0.0031212205,-0.008907146,-0.023627236,-0.025382942,0.019475488,-0.03913353,-0.029417539,-0.034970332,-0.033982247,-0.030941874,-0.013333273,0.026448434,-0.020293297,-0.027011475,0.00075948954,0.040299162,-0.034205522,-0.00619934,0.02935163,-0.04061193,0.030570352,0.035506267,Boom Boom Bass
0.031992722,-0.022637,0.01660517,-0.009257608,-0.033097643,0.03621152,0.039131578,0.034888525,-0.035616856,0.002573852,0.013580654,-0.03404838,0.010485928,0.025662923,-0.01952356,0.025352525,-0.0020194259,-0.03194731,-0.0029409453,-0.008981299,-0.023300929,-0.025100319,0.019628247,-0.038862918,-0.029240593,-0.034494385,-0.03391768,-0.030695478,-0.01366067,0.026384631,-0.020296935,-0.027050873,0.0004218264,0.04067605,-0.03445575,-0.006263142,0.029478079,-0.040350698,0.030675553,0.035571367,MAESTRO
0.03209581,-0.023013517,0.016537808,-0.008830751,-0.033105746,0.036184836,0.039121926,0.03472353,-0.035700902,0.00239442,0.013274965,-0.033844505,0.010238926,0.025292924,-0.019421201,0.02534421,-0.002229241,-0.031881765,-0.0031741355,-0.008962639,-0.023623243,-0.025382375,0.019440182,-0.03915165,-0.029394194,-0.03496045,-0.034016084,-0.03096942,-0.013366749,0.02643039,-0.020272436,-0.027071744,0.00079699437,0.040267985,-0.03423362,-0.006180622,0.029329434,-0.040640652,0.030573303,0.035494793,밤양갱
0.032139286,-0.022978485,0.016541226,-0.008873963,-0.033098932,0.036135424,0.039108947,0.034761094,-0.035663053,0.0023421345,0.01339436,-0.03397184,0.010268505,0.025321573,-0.019437889,0.025290905,-0.0021460834,-0.031902447,-0.0030434988,-0.0089616245,-0.023644617,-0.025332786,0.019511245,-0.03913498,-0.02937746,-0.035011698,-0.03399307,-0.03100471,-0.013401751,0.026395619,-0.020295352,-0.026999786,0.00068909564,0.040341657,-0.03426292,-0.006173428,0.029398149,-0.040582467,0.030554853,0.035535347,SPOT! (feat. JENNIE)
0.032159023,-0.023149474,0.016518027,-0.008690997,-0.033077408,0.036218803,0.039127696,0.034765746,-0.035664015,0.0022938163,0.0131397955,-0.033804685,0.010090083,0.025231466,-0.019305756,0.025284315,-0.002330711,-0.0318785,-0.0032550201,-0.008903748,-0.023706138,-0.02542516,0.019440169,-0.039241955,-0.029436944,-0.035141855,-0.03409117,-0.03105727,-0.013234439,0.026489647,-0.020263031,-0.027129142,0.0009218596,0.04017127,-0.03410576,-0.0061057378,0.029298337,-0.04072674,0.030565359,0.03549871,Supernova
0.032203928,-0.023263657,0.016530894,-0.008509353,-0.033066787,0.036149103,0.03909715,0.034724135,-0.035716143,0.0021994542,0.013074688,-0.03374527,0.010000671,0.02500054,-0.019322164,0.025310034,-0.002464151,-0.031817432,-0.0033098024,-0.008948644,-0.023870533,-0.025490096,0.019368734,-0.03940134,-0.029459968,-0.03528212,-0.0341354,-0.03122179,-0.013181309,0.026482103,-0.020227589,-0.027179299,0.0011565075,0.040019885,-0.034041207,-0.006082976,0.029218247,-0.040854674,0.030489614,0.03553276,첫 만남은 계획대로 되지 않아
0.03216667,-0.023268359,0.016512293,-0.008566645,-0.033068854,0.03623259,0.0391022,0.034721326,-0.035722923,0.002249839,0.012995563,-0.03371181,0.010034018,0.025092736,-0.019287115,0.025344497,-0.002430985,-0.031837195,-0.003349033,-0.008950842,-0.023779469,-0.025501266,0.01934017,-0.03930949,-0.029478377,-0.035154093,-0.03418103,-0.031086966,-0.013216968,0.026514739,-0.020265004,-0.027209027,0.0010735673,0.04004337,-0.034121625,-0.006094147,0.029220512,-0.040821377,0.030542543,0.03547585,Welcome to the Show
0.031944655,-0.022758842,0.01656419,-0.009122288,-0.033096116,0.03623004,0.039145645,0.034761623,-0.035600092,0.0025560556,0.013520987,-0.033969533,0.010430049,0.02558245,-0.01948643,0.025326947,-0.0020230282,-0.031966403,-0.0029929755,-0.008988456,-0.023409327,-0.025241906,0.01960005,-0.038917087,-0.029329391,-0.034643456,-0.033868074,-0.030742547,-0.013578203,0.026364855,-0.020324724,-0.026964612,0.00049876265,0.04056662,-0.034411434,-0.006261535,0.029467637,-0.040432803,0.03070877,0.035504017,비의 랩소디
0.031892717,-0.022606974,0.016541777,-0.009254262,-0.03302304,0.036165427,0.039211843,0.034782127,-0.03555507,0.0026188234,0.013655797,-0.034002572,0.010481232,0.025663778,-0.019552832,0.025348207,-0.0019209096,-0.032011278,-0.0029171125,-0.009009802,-0.02333317,-0.025169754,0.019655848,-0.038854893,-0.029256059,-0.034565803,-0.033802148,-0.030694744,-0.0136618465,0.026307637,-0.02034683,-0.02688392,0.00038294247,0.040692374,-0.034455314,-0.006307077,0.0295493,-0.040378686,0.03071508,0.03551284,사막에서 꽃을 피우듯
0.03192657,-0.022657223,0.016503284,-0.009173651,-0.03312556,0.036226273,0.039212987,0.034804795,-0.035568446,0.0025738946,0.013634996,-0.03404062,0.010467234,0.025705723,-0.019478513,0.025269717,-0.0019195545,-0.032012243,-0.0029217207,-0.008904728,-0.023386627,-0.025268234,0.019608133,-0.038872022,-0.029332956,-0.03459813,-0.03378668,-0.030675499,-0.0135889985,0.02638185,-0.020372836,-0.026816145,0.0003130658,0.0406678,-0.03440182,-0.006326595,0.02953702,-0.04034214,0.03068939,0.03551593,사탕
0.032217156,-0.023377828,0.016505944,-0.008390746,-0.033060443,0.036193833,0.039096463,0.034738906,-0.03573938,0.002171401,0.012941328,-0.033676375,0.009897798,0.024967112,-0.01925821,0.02528287,-0.0025185205,-0.031811997,-0.0034059186,-0.00891993,-0.023905724,-0.025560029,0.019317158,-0.03944437,-0.029527687,-0.035316806,-0.03422937,-0.031214386,-0.013103336,0.02654928,-0.020232825,-0.027229883,0.0012329523,0.039928444,-0.034017418,-0.00607543,0.029151285,-0.04090922,0.03049965,0.035479717,WAY 4 LUV
0.031853158,-0.022476649,0.016498836,-0.009423702,-0.033145953,0.036284197,0.039194066,0.034789328,-0.03552909,0.00268546,0.013838392,-0.034176026,0.010669167,0.02589794,-0.019552356,0.025247304,-0.0017201105,-0.032046445,-0.0027577884,-0.008894392,-0.023253784,-0.025184983,0.019720145,-0.038689427,-0.029275278,-0.034369405,-0.033640537,-0.030528056,-0.013726179,0.026305797,-0.020443575,-0.02667947,3.2757719e-06,0.040884804,-0.03453101,-0.0063797967,0.029681092,-0.04017475,0.030763393,0.03549904,사랑은 늘 도망가
0.031977564,-0.022792494,0.01654329,-0.009070448,-0.033035517,0.036202997,0.03915015,0.034785274,-0.035616025,0.002512927,0.013464362,-0.03395239,0.0103444,0.025510533,-0.0194602,0.025327468,-0.002042698,-0.031936534,-0.0030385542,-0.008975111,-0.023456713,-0.025270656,0.019581707,-0.038985852,-0.02931463,-0.034701824,-0.033914022,-0.030773625,-0.013530321,0.026399491,-0.020361962,-0.02699858,0.0005397986,0.04053835,-0.034365665,-0.0062209903,0.029440217,-0.040490124,0.030674422,0.03554142,From
0.03182206,-0.022512624,0.016484926,-0.009338228,-0.033035252,0.036219686,0.039208237,0.03476867,-0.03554305,0.0026629504,0.013771425,-0.034121145,0.010557543,0.025821777,-0.019550474,0.025324732,-0.0018255984,-0.032014422,-0.0028456661,-0.008967235,-0.023255417,-0.02518822,0.019676035,-0.03873904,-0.029261788,-0.03442316,-0.033724513,-0.030600727,-0.013691951,0.026301667,-0.020437691,-0.026791513,0.00019047347,0.04084821,-0.034514032,-0.006341888,0.029639022,-0.040253844,0.030775206,0.035504423,온기
0.0319237,-0.022687202,0.016499572,-0.009198896,-0.0330847,0.036225323,0.03917094,0.034777027,-0.035592396,0.0025380293,0.013613832,-0.034052853,0.0104660345,0.025691161,-0.019473448,0.025292402,-0.0019129455,-0.03199713,-0.002910249,-0.008928127,-0.02337174,-0.025203412,0.019636756,-0.03882916,-0.029327685,-0.034631044,-0.033837613,-0.030698108,-0.013582799,0.026344411,-0.020359974,-0.026853219,0.0003466243,0.04068414,-0.034418713,-0.0062709623,0.029540934,-0.040373225,0.030704884,0.035483677,나는 아픈 건 딱 질색이니까
0.031908035,-0.022676991,0.01652278,-0.009203578,-0.033077974,0.036207676,0.039199516,0.034757137,-0.035567783,0.002580956,0.013670924,-0.034046207,0.010497111,0.02568855,-0.019535394,0.025299838,-0.0019096412,-0.031999934,-0.0029384794,-0.008970619,-0.023390552,-0.025230482,0.01964926,-0.038870215,-0.029316558,-0.034618605,-0.03377508,-0.030706944,-0.013587076,0.026339652,-0.020352513,-0.026820885,0.00031976588,0.040676486,-0.034413923,-0.006312204,0.029582366,-0.040373813,0.030706026,0.035498872,플러팅
0.031839117,-0.022545276,0.016501633,-0.009353302,-0.033074003,0.036255274,0.039217368,0.034755956,-0.03550904,0.0026427468,0.013808526,-0.03415693,0.010593087,0.025850013,-0.019522121,0.025279917,-0.0017836661,-0.032027453,-0.0028451073,-0.008923922,-0.023295157,-0.025217988,0.019691477,-0.038747735,-0.029268688,-0.03447553,-0.03366344,-0.030589677,-0.013672913,0.026303602,-0.020433635,-0.026705801,9.472141e-05,0.040860128,-0.034467082,-0.006346958,0.029674532,-0.040253434,0.030755714,0.03550382,Home
0.032238603,-0.023331856,0.016543578,-0.00845139,-0.033064585,0.03614833,0.039078943,0.034725133,-0.03577386,0.0021721832,0.01295044,-0.033679765,0.009943448,0.0249212,-0.019285284,0.025347888,-0.002527916,-0.031801388,-0.0033516677,-0.008970122,-0.023875738,-0.025491184,0.019320216,-0.03943719,-0.029467767,-0.03531204,-0.03424625,-0.031238347,-0.013141249,0.026514122,-0.020201037,-0.027275696,0.0012795228,0.039930906,-0.034040924,-0.0060536563,0.029128639,-0.04091436,0.030478941,0.03551964,내 이름 맑음
0.03177798,-0.02239798,0.016487358,-0.009519019,-0.03312722,0.03627731,0.039234124,0.03478707,-0.03549098,0.0027103724,0.013907421,-0.034186874,0.010705908,0.026018849,-0.019552091,0.02526874,-0.0016548954,-0.032082938,-0.002737496,-0.008903082,-0.023164874,-0.025129126,0.01973348,-0.038595572,-0.029273147,-0.03429986,-0.033624098,-0.030436827,-0.013789752,0.026285551,-0.0204566,-0.026647523,-5.772058e-05,0.040955056,-0.034566883,-0.0063842437,0.029699484,-0.040129032,0.03078287,0.035492625,취중고백
0.03195096,-0.022636594,0.016518893,-0.009248657,-0.033073645,0.036206033,0.039158378,0.03478455,-0.03557129,0.002573766,0.013705,-0.034147643,0.010525652,0.02573339,-0.019528868,0.025279095,-0.0018842779,-0.032034934,-0.0028715811,-0.008952043,-0.023344355,-0.025168175,0.019688789,-0.03883022,-0.029312199,-0.03465562,-0.033772662,-0.030734064,-0.013596336,0.026302153,-0.020358058,-0.026842706,0.00021635198,0.04074639,-0.03443029,-0.00625974,0.029603252,-0.040315907,0.03069372,0.035511542,버추얼 아이돌
0.03203729,-0.022834117,0.016538434,-0.009027089,-0.033088148,0.03616345,0.03915034,0.034789298,-0.03562336,0.0024011035,0.013568954,-0.034014493,0.010349575,0.025462633,-0.019458104,0.025278041,-0.0020637615,-0.031938292,-0.002974063,-0.008930105,-0.023554213,-0.025261821,0.019576801,-0.03903875,-0.029351467,-0.034903217,-0.033893656,-0.030923419,-0.013473096,0.026357077,-0.020319885,-0.026909867,0.0005611377,0.040477674,-0.03429253,-0.0062300875,0.02949169,-0.040481873,0.030600794,0.035550613,"LOVE, MONEY, FAME (feat. DJ Khaled)"
0.031827014,-0.022413133,0.016504588,-0.009454382,-0.03312025,0.03623684,0.039213866,0.03478964,-0.035512354,0.0027156689,0.013912895,-0.0341883,0.010679479,0.025963323,-0.019579118,0.025264425,-0.0017211061,-0.03207465,-0.0027518512,-0.008921892,-0.023196146,-0.025129594,0.01974761,-0.038654383,-0.029285446,-0.034384683,-0.03362832,-0.030521303,-0.013752016,0.026275733,-0.020418735,-0.026676053,-1.6416889e-05,0.040949322,-0.034546323,-0.0064047673,0.0296978,-0.040166296,0.03078182,0.035489347,에피소드
0.03216404,-0.023119962,0.016490547,-0.008686975,-0.033086065,0.036212172,0.039124627,0.034763396,-0.03566093,0.0023056904,0.013194941,-0.033833116,0.010137136,0.02522315,-0.019343758,0.025257997,-0.0023170484,-0.03187869,-0.003211733,-0.008893919,-0.023735927,-0.025451636,0.01942464,-0.039262116,-0.029421987,-0.03509013,-0.034040567,-0.03104283,-0.013268518,0.02648353,-0.020271702,-0.027081406,0.00084641,0.040189203,-0.034132507,-0.00616917,0.029327204,-0.040704533,0.030518554,0.0354899,Get A Guitar
0.032216515,-0.023380414,0.016542764,-0.008397805,-0.03302968,0.036181197,0.039089113,0.0347143,-0.035740096,0.0021986703,0.01288982,-0.0336415,0.00991312,0.024929633,-0.019284302,0.025350409,-0.0025479528,-0.03181122,-0.003422252,-0.008971573,-0.023895308,-0.0255291,0.019311156,-0.039458532,-0.02948296,-0.035297602,-0.03424166,-0.031226104,-0.013120488,0.026529344,-0.02019778,-0.027294004,0.0012818663,0.039903555,-0.0340255,-0.0060705715,0.029145025,-0.040942907,0.030510394,0.035508066,청춘만화
0.03133604,-0.02149492,0.016509054,-0.010561462,-0.03327041,0.036458958,0.03941815,0.034880333,-0.035186395,0.0033022126,0.014849722,-0.034728136,0.011527814,0.027124122,-0.019774526,0.025190173,-0.00088013936,-0.03231247,-0.0022476271,-0.008833138,-0.022480788,-0.02479826,0.02015215,-0.03782298,-0.029017052,-0.033323035,-0.032945007,-0.02970502,-0.014394384,0.026117587,-0.020606121,-0.02602047,-0.0014236955,0.041976646,-0.03498082,-0.006763262,0.030350626,-0.0393483,0.031086242,0.03552938,우리들의 블루스
0.03170312,-0.022297889,0.016489811,-0.009645863,-0.033114478,0.036298145,0.03926411,0.034780707,-0.035422113,0.0028144277,0.013998737,-0.03421706,0.010796494,0.026136765,-0.019613408,0.02528709,-0.0015973179,-0.03211681,-0.0027240615,-0.008942408,-0.023070468,-0.025098788,0.019781984,-0.038508717,-0.029238492,-0.034142956,-0.03355443,-0.030348495,-0.013900447,0.026242876,-0.02046145,-0.026605463,-0.00021888658,0.041092914,-0.034648154,-0.006425686,0.02979255,-0.040032137,0.030840179,0.035484415,미안해 미워해 사랑해
0.032007787,-0.022802843,0.016561637,-0.009021984,-0.03311478,0.03625888,0.039143246,0.034795705,-0.035645276,0.00251065,0.013390712,-0.033942845,0.010357381,0.025497356,-0.019456731,0.025355907,-0.0021269508,-0.03192266,-0.0031027459,-0.008973257,-0.023416748,-0.025261015,0.019507838,-0.038953092,-0.02933619,-0.034691904,-0.033947166,-0.030773075,-0.01351657,0.026409892,-0.020313518,-0.027065106,0.00064440694,0.040465128,-0.034373265,-0.006246986,0.029398846,-0.040489215,0.03066917,0.03554095,사건의 지평선
0.032217804,-0.023296574,0.01651104,-0.00849134,-0.033077393,0.03619754,0.039107654,0.034734514,-0.035728782,0.0021947736,0.012989516,-0.03370974,0.009973134,0.02501967,-0.019273696,0.025317447,-0.0024795465,-0.031832404,-0.0033544705,-0.008926455,-0.023836331,-0.025520355,0.01932974,-0.03936195,-0.02948937,-0.035246205,-0.034205277,-0.031148998,-0.0131619945,0.026535457,-0.02023927,-0.02720887,0.0011506014,0.03998571,-0.034060538,-0.006090285,0.029171502,-0.04087077,0.030505458,0.035492327,HAPPY
0.032154396,-0.023082724,0.016566483,-0.008768498,-0.033069786,0.036159027,0.039067432,0.034728978,-0.03566927,0.0023145387,0.013250218,-0.0338542,0.010202355,0.025201293,-0.019401722,0.025333218,-0.0023005174,-0.03186857,-0.0031325417,-0.008986755,-0.023705475,-0.025385551,0.019485325,-0.039222676,-0.029390564,-0.03505023,-0.0340407,-0.031103002,-0.013351816,0.026399398,-0.02028007,-0.027108325,0.0008768765,0.040252432,-0.034209292,-0.0061164983,0.029324157,-0.04071091,0.030578837,0.035529133,To. X
0.031769108,-0.02210558,0.016579231,-0.0098113315,-0.03321741,0.03632143,0.039262217,0.034933828,-0.035488024,0.002914631,0.014086782,-0.03430955,0.010954482,0.02630931,-0.019632107,0.025240863,-0.0014632692,-0.032145154,-0.00255603,-0.008902841,-0.022950007,-0.024985744,0.019859482,-0.038409863,-0.029187271,-0.033992156,-0.033498906,-0.030190915,-0.0139607405,0.026292147,-0.020424772,-0.02658754,-0.00037847474,0.04123917,-0.03476959,-0.0065152086,0.029793061,-0.039893687,0.03084608,0.035535336,연애편지
0.031893577,-0.022498133,0.016529711,-0.009309437,-0.033075776,0.03618985,0.039198175,0.034834202,-0.035572276,0.002645609,0.013744221,-0.034097712,0.010523078,0.025777826,-0.019571394,0.025314853,-0.0018551958,-0.032008786,-0.0028457039,-0.008957912,-0.023258911,-0.025157683,0.019660622,-0.03877826,-0.029253671,-0.034448437,-0.0337861,-0.030637154,-0.01366827,0.026317364,-0.02037315,-0.026846843,0.00027450966,0.04080378,-0.034490928,-0.006323166,0.029562945,-0.040276673,0.03075801,0.0355297,달랐을까
0.031969696,-0.022732867,0.016534297,-0.009076069,-0.033098456,0.0361859,0.03916901,0.034774974,-0.035616126,0.0025225414,0.013613947,-0.03402571,0.010416292,0.025544325,-0.019499218,0.025331626,-0.0020276592,-0.031945992,-0.0029623949,-0.008980439,-0.023462562,-0.025257973,0.019558588,-0.03896769,-0.029327104,-0.034706295,-0.033851206,-0.03082112,-0.013554559,0.026336668,-0.020337759,-0.026896467,0.0005150004,0.040556375,-0.03438064,-0.006292352,0.029520655,-0.04042771,0.0306648,0.035529852,Merry PLLIstmas
0.032106075,-0.023069972,0.016492324,-0.008793571,-0.03303797,0.03619616,0.039120536,0.03472459,-0.035665724,0.0023113124,0.013225702,-0.033831045,0.010162113,0.025273727,-0.01935332,0.025328591,-0.0022627376,-0.03189501,-0.0031632984,-0.008938788,-0.023639316,-0.02537743,0.019462181,-0.039146435,-0.029413274,-0.035013784,-0.0340932,-0.030989349,-0.013338351,0.026448661,-0.020297674,-0.027091926,0.0008185349,0.040271126,-0.03421461,-0.006146045,0.02933153,-0.040688884,0.0305681,0.03549477,보금자리
0.03212163,-0.02300334,0.01651851,-0.008791507,-0.03306758,0.03613618,0.039119795,0.03473607,-0.035644248,0.0023388604,0.013416628,-0.033927817,0.01020697,0.025244335,-0.019430434,0.025296325,-0.0022293802,-0.031897474,-0.0031099443,-0.008958986,-0.023711333,-0.025393719,0.019503666,-0.039192747,-0.029381445,-0.035067327,-0.033959825,-0.031075994,-0.013348351,0.026380477,-0.020292671,-0.027006617,0.0008020879,0.040294785,-0.0341711,-0.006186057,0.029403178,-0.04062851,0.030539969,0.035536036,Seven (feat. Latto) - Clean Ver.
0.032134216,-0.02311304,0.016550912,-0.0087267915,-0.03305082,0.036196824,0.03911878,0.034716308,-0.035653904,0.0023411273,0.013212572,-0.033829898,0.010174382,0.025222987,-0.019394904,0.025308162,-0.002279859,-0.0318829,-0.0032374691,-0.008960287,-0.023722759,-0.025441684,0.01943968,-0.039246168,-0.029420638,-0.035050876,-0.034054108,-0.031019585,-0.013311149,0.026453713,-0.02028809,-0.027109116,0.0008570605,0.040211078,-0.03417839,-0.006136716,0.029331833,-0.04070937,0.03057623,0.035511773,소나기
0.032146625,-0.023070363,0.016546467,-0.008746251,-0.033070173,0.036142137,0.03910956,0.034690335,-0.035684634,0.0023328038,0.013283976,-0.033834267,0.010193924,0.025160164,-0.01941036,0.025346346,-0.0022727593,-0.03186984,-0.0031725557,-0.008956297,-0.023713917,-0.025407067,0.019419981,-0.03923555,-0.029398961,-0.035064388,-0.034042057,-0.031079633,-0.01334764,0.026411349,-0.020255314,-0.027061895,0.00088078313,0.040203277,-0.034190733,-0.0061427243,0.029300163,-0.04069889,0.030531755,0.035541553,Ditto
0.03221977,-0.023309052,0.016530199,-0.008501054,-0.033051983,0.036179114,0.03908555,0.034732267,-0.035726506,0.002220411,0.012944336,-0.033692777,0.009972907,0.025006777,-0.019291809,0.025352614,-0.0024782054,-0.03181757,-0.0033652568,-0.008941434,-0.023834443,-0.02548629,0.01933611,-0.039389063,-0.029459693,-0.03524867,-0.034213956,-0.031167924,-0.013174134,0.026510203,-0.020216098,-0.02725161,0.0011629778,0.039999213,-0.03405474,-0.0060502253,0.029159851,-0.040888447,0.030519301,0.03550597,Attention
0.031469975,-0.02160198,0.016498834,-0.010339485,-0.033254612,0.036354814,0.03938937,0.03488028,-0.035341676,0.003226273,0.014646687,-0.034554686,0.011336955,0.026894614,-0.019800933,0.025223752,-0.0011018452,-0.032291215,-0.0023249278,-0.008863247,-0.022589192,-0.024826432,0.020071765,-0.03799319,-0.029111391,-0.033527944,-0.03313541,-0.029870488,-0.014243458,0.026133852,-0.020564174,-0.026250327,-0.0010347534,0.04177927,-0.034942284,-0.006676111,0.03013629,-0.039500747,0.03102439,0.03548554,Love wins all
0.031942446,-0.02273305,0.01655454,-0.009130756,-0.03308858,0.036270853,0.039169785,0.034799393,-0.03560738,0.002565284,0.013510994,-0.033969074,0.0104439035,0.025620282,-0.019476952,0.025319224,-0.0020061312,-0.031972423,-0.0030171133,-0.008972648,-0.023378879,-0.025236657,0.019602777,-0.038886268,-0.029322699,-0.034602523,-0.033884108,-0.030708471,-0.013579792,0.026364237,-0.020344315,-0.026960896,0.0004354307,0.04060954,-0.034430843,-0.0062727905,0.029511234,-0.040396843,0.030717954,0.035524238,다시 만날 수 있을까
0.03202877,-0.022779593,0.016553894,-0.009091277,-0.03311051,0.03618892,0.03914081,0.034774285,-0.035592247,0.0024791218,0.013589236,-0.034070406,0.010407579,0.025532423,-0.019495536,0.025290504,-0.0020257488,-0.031968847,-0.0029650598,-0.008921887,-0.023502737,-0.02529993,0.019594451,-0.03898722,-0.029322987,-0.03480695,-0.03381483,-0.030868508,-0.013503439,0.026346097,-0.020323755,-0.026880508,0.00043953056,0.04055483,-0.034322437,-0.0062486753,0.029520368,-0.040434502,0.030635392,0.03550694,CRAZY
0.032069746,-0.023007855,0.016515737,-0.008820224,-0.033045456,0.03618789,0.039134353,0.03476615,-0.035663422,0.0023616801,0.013286469,-0.03384642,0.010175613,0.025321273,-0.019361751,0.025307551,-0.0022371125,-0.031901877,-0.0031541984,-0.008924214,-0.02361882,-0.025346806,0.019491404,-0.039124712,-0.029387748,-0.03499188,-0.034053832,-0.03099027,-0.0133452965,0.026434606,-0.02027442,-0.027048262,0.00081674225,0.040315002,-0.03421131,-0.006167387,0.029344777,-0.040659,0.030601831,0.03551019,UP (KARINA Solo)
0.032052677,-0.023049602,0.016508264,-0.0087901065,-0.033009235,0.03620935,0.03911669,0.03472962,-0.035657097,0.0023707785,0.013234028,-0.033844363,0.010171904,0.025284393,-0.019385314,0.025337877,-0.002246928,-0.0318879,-0.0031872604,-0.008979692,-0.023630729,-0.02538623,0.019468257,-0.039147936,-0.029396683,-0.03492828,-0.034040444,-0.030957947,-0.0133758085,0.026431978,-0.020307181,-0.027113462,0.0008083,0.04030126,-0.03423969,-0.0061405916,0.029356867,-0.040667523,0.030612731,0.03548793,사랑인가 봐
0.03221101,-0.023335164,0.016519815,-0.008456005,-0.03305399,0.036172513,0.039105847,0.034735423,-0.035753265,0.0021798639,0.012974058,-0.03369428,0.009922776,0.024979418,-0.01928557,0.02527953,-0.0025213752,-0.03181991,-0.0033719037,-0.00892082,-0.023893284,-0.025530547,0.019361688,-0.039439753,-0.029490046,-0.035321724,-0.03419393,-0.031235447,-0.013120972,0.026537092,-0.020209514,-0.027226562,0.0012093188,0.039971795,-0.034030367,-0.006081288,0.02915164,-0.04090801,0.030483609,0.035482835,Magnetic
0.032116257,-0.023019351,0.016503925,-0.008835812,-0.033038523,0.036126405,0.039133742,0.034739133,-0.035681512,0.0023066716,0.013292649,-0.03386992,0.010145032,0.025282955,-0.019364275,0.025271857,-0.0022206225,-0.031897992,-0.0031189679,-0.008909465,-0.023669286,-0.025383068,0.019525683,-0.039157975,-0.029408472,-0.035038274,-0.034068435,-0.031030303,-0.013341908,0.026475951,-0.020315273,-0.027026534,0.0008174749,0.040324908,-0.03423528,-0.006147435,0.02930554,-0.04067694,0.030544793,0.03550145,Super Shy
0.032108366,-0.02306567,0.016534561,-0.00875837,-0.03304768,0.036192257,0.039119348,0.03473218,-0.03565788,0.0023228307,0.01323076,-0.03386091,0.010190767,0.025232427,-0.019381009,0.025379023,-0.0022846374,-0.031866092,-0.0032119353,-0.008987035,-0.023653144,-0.025363812,0.019435437,-0.039167613,-0.029372327,-0.035042252,-0.034056943,-0.031026006,-0.013336234,0.026416413,-0.020284383,-0.027124247,0.00089401053,0.040232137,-0.034186836,-0.006159741,0.0293481,-0.040690362,0.030577056,0.0355366,해야 (HEYA)
0.03186323,-0.022656336,0.01654262,-0.0092669455,-0.03306881,0.03622355,0.03917354,0.03475088,-0.035530914,0.0025995804,0.01367698,-0.03408978,0.010523327,0.025743803,-0.019519486,0.025333496,-0.001874148,-0.03198516,-0.002946125,-0.008988913,-0.023340883,-0.025201796,0.019659678,-0.038845766,-0.029270032,-0.03454798,-0.033753857,-0.03066723,-0.013638278,0.02630695,-0.020376759,-0.026797766,0.0002591725,0.040724955,-0.03442676,-0.006306615,0.029618429,-0.040351667,0.030749774,0.03551261,이제 나만 믿어요
0.031296268,-0.021301454,0.016417934,-0.010736306,-0.033292275,0.03637513,0.039504807,0.03495808,-0.035212472,0.0033457058,0.014934088,-0.034723986,0.011522293,0.027325844,-0.019787349,0.025207043,-0.0008446229,-0.032378864,-0.0021565103,-0.008775626,-0.022283586,-0.02473998,0.020203253,-0.03761897,-0.029013678,-0.033195034,-0.032954868,-0.029617527,-0.014414211,0.026114622,-0.020618258,-0.02600094,-0.0014694595,0.042119045,-0.035043165,-0.006780071,0.030335555,-0.03926697,0.031117132,0.0354856,Polaroid
0.032309536,-0.02348374,0.016542422,-0.008290259,-0.033029165,0.036152955,0.039052837,0.034746185,-0.03576527,0.0020898283,0.012833704,-0.0336493,0.009841918,0.024823243,-0.019239752,0.025299802,-0.0025973737,-0.031779986,-0.003439948,-0.008938604,-0.023995081,-0.025553754,0.019282417,-0.03954144,-0.029512653,-0.035485804,-0.03429925,-0.031333372,-0.013037021,0.026546858,-0.020197181,-0.027327806,0.0013670846,0.03984233,-0.033970714,-0.005999029,0.02909177,-0.04101619,0.030446326,0.035528813,Love 119
0.032066796,-0.02302116,0.016535353,-0.008849232,-0.03308453,0.03625643,0.039082572,0.034723092,-0.035664786,0.002388926,0.013303537,-0.033904675,0.010276734,0.025318727,-0.019403873,0.025347395,-0.0021692775,-0.031884227,-0.0031462435,-0.008976478,-0.023626389,-0.025397325,0.01945497,-0.039105542,-0.02942948,-0.03485429,-0.033993665,-0.030882696,-0.013440239,0.026394768,-0.020367904,-0.02705346,0.00067779375,0.040330384,-0.034313586,-0.0061457567,0.029379161,-0.04059658,0.030626921,0.03552117,그대만 있다면 (여름날 우리 X 너드커넥션 (Nerd Connection))
0.032132972,-0.023075327,0.016522951,-0.008756609,-0.033083178,0.036198486,0.03915454,0.034743503,-0.03567352,0.0023078287,0.013211799,-0.033833172,0.010156847,0.025248855,-0.019341767,0.025285212,-0.0022581907,-0.03189894,-0.0031785043,-0.008911013,-0.0236974,-0.025422381,0.019460285,-0.0391892,-0.029396586,-0.03505139,-0.034060825,-0.03100879,-0.0132777905,0.026490321,-0.020289488,-0.02706973,0.000848388,0.040241234,-0.034144465,-0.0061597903,0.029320488,-0.040695205,0.030545441,0.035501346,Congratulations
0.032140646,-0.023205789,0.016506163,-0.008597289,-0.03305639,0.036168907,0.0391205,0.034753866,-0.035689432,0.0022564002,0.0131474035,-0.033794817,0.010058209,0.025139838,-0.019329792,0.02528357,-0.002357586,-0.03186794,-0.0032465418,-0.008933593,-0.02379767,-0.025466016,0.019415613,-0.039338242,-0.02946604,-0.03517584,-0.034099534,-0.03111387,-0.013226987,0.026473781,-0.02025481,-0.02711572,0.0009841184,0.040131878,-0.03410682,-0.0061198957,0.029264307,-0.040767245,0.030532882,0.035509106,파이팅 해야지 (Feat. 이영지)
0.03215455,-0.023178086,0.016510343,-0.008619771,-0.033079457,0.036209423,0.03911612,0.034768376,-0.035685495,0.002268947,0.0131210415,-0.033772804,0.010067391,0.025172262,-0.019314716,0.025297558,-0.0023612112,-0.031861033,-0.0032647112,-0.008922354,-0.023731947,-0.025437355,0.01940819,-0.039266434,-0.029455058,-0.03513231,-0.03413147,-0.03108526,-0.013236496,0.026487408,-0.020241871,-0.027141929,0.0010027598,0.040128563,-0.034111027,-0.006123014,0.029245064,-0.04076916,0.030559639,0.03550348,Rain
0.03228676,-0.023326619,0.016532322,-0.008445838,-0.033149406,0.036232676,0.03910111,0.034769952,-0.035742123,0.002180321,0.012989628,-0.033766177,0.009986454,0.02501828,-0.0192535,0.025228905,-0.002468697,-0.031810973,-0.0033635579,-0.008872437,-0.023922818,-0.02556689,0.019306041,-0.03945513,-0.029515209,-0.035332497,-0.034154043,-0.031177545,-0.01311418,0.02659019,-0.02022829,-0.027193472,0.0011141306,0.039932646,-0.034020577,-0.0061289165,0.029182421,-0.04085123,0.030434156,0.0355085,별별별 (See that?)
0.032018717,-0.022924071,0.016512187,-0.008897576,-0.033042345,0.036103714,0.039198004,0.034747697,-0.035639375,0.0023764162,0.013435821,-0.03389154,0.010228977,0.025351672,-0.019408265,0.025275074,-0.002197251,-0.03190981,-0.0030932548,-0.008930112,-0.023603374,-0.025359424,0.019536925,-0.039145555,-0.029338298,-0.034960262,-0.033951942,-0.03103026,-0.013379116,0.02639716,-0.020286217,-0.026952216,0.0007502216,0.040398315,-0.03423513,-0.006233481,0.029389359,-0.04061455,0.030581558,0.035514977,How Sweet
0.031740304,-0.022389123,0.016516248,-0.009569898,-0.03314696,0.03631002,0.039227773,0.034788948,-0.035471696,0.0027572333,0.013958118,-0.034244377,0.010785838,0.026088255,-0.019570658,0.025262438,-0.0015991456,-0.0320805,-0.0027340378,-0.008921391,-0.023144985,-0.025139982,0.019767478,-0.038564164,-0.029284438,-0.034220707,-0.033548314,-0.030401386,-0.0138268275,0.026281321,-0.020464597,-0.026612574,-0.00017278765,0.04101583,-0.034605116,-0.0064112297,0.029754812,-0.040068943,0.030824997,0.035487954,헤어지자 말해요
0.032186538,-0.023104064,0.016546877,-0.008756886,-0.033136506,0.036220007,0.03910039,0.03477947,-0.035706643,0.002307217,0.013202124,-0.033892084,0.010157733,0.025230765,-0.019338112,0.025251394,-0.0023044248,-0.03188506,-0.0031533267,-0.008904367,-0.02371317,-0.025482183,0.019480117,-0.0392439,-0.029413851,-0.035044555,-0.034036215,-0.031057179,-0.013299067,0.026511079,-0.020289086,-0.027073266,0.0008164877,0.04025158,-0.03419311,-0.0061478238,0.029291265,-0.040683497,0.030538986,0.035501834,무지개
0.031999614,-0.022830553,0.016536554,-0.00908054,-0.0330887,0.03626461,0.03913169,0.034746956,-0.03558974,0.002499022,0.0134758605,-0.033989113,0.010411928,0.02557221,-0.019465357,0.025311956,-0.0020050064,-0.031957034,-0.003025497,-0.008968089,-0.02345477,-0.025299296,0.019590836,-0.038930368,-0.029354459,-0.034703795,-0.03387822,-0.030706607,-0.013525081,0.026378011,-0.020370005,-0.026912244,0.00041842865,0.040543642,-0.034382444,-0.006240599,0.029496022,-0.04045939,0.030690277,0.035490733,인생찬가
0.032381352,-0.023581212,0.016572485,-0.008207328,-0.033097956,0.03617158,0.039032303,0.034662437,-0.035792563,0.002037991,0.012757174,-0.03360765,0.009839277,0.02465316,-0.019251592,0.025381885,-0.0026860107,-0.031722505,-0.003503485,-0.008965656,-0.024066305,-0.025641816,0.019165672,-0.039625593,-0.029528404,-0.035507035,-0.034327466,-0.031362604,-0.013018708,0.02655528,-0.020212965,-0.027397389,0.001490787,0.039662253,-0.03394581,-0.006011306,0.029022723,-0.04105531,0.030374305,0.03554642,London Boy
0.03184753,-0.022310495,0.01652518,-0.009610561,-0.033092994,0.0361528,0.039190833,0.03478687,-0.03551744,0.002718204,0.014093515,-0.034305107,0.010799594,0.025950635,-0.019672053,0.025352983,-0.0016717274,-0.03204642,-0.0026608708,-0.0089852465,-0.023151023,-0.025024861,0.019774323,-0.038584653,-0.029187076,-0.034356747,-0.033583518,-0.030617759,-0.013843768,0.02614043,-0.020430105,-0.026680002,-5.819152e-05,0.041031,-0.034593586,-0.0063571115,0.02977489,-0.040100697,0.030746609,0.035552938,Love Lee
0.0319863,-0.02281803,0.016495628,-0.00906719,-0.03306181,0.03620774,0.039137255,0.03474637,-0.03563878,0.002481686,0.013466649,-0.033935886,0.010375041,0.025536543,-0.019423053,0.025319608,-0.002037882,-0.031942595,-0.0030148618,-0.008928292,-0.023464575,-0.025265545,0.019580416,-0.038960267,-0.02934289,-0.034754347,-0.033913273,-0.030824943,-0.013501399,0.02635839,-0.02035295,-0.02691479,0.00048781108,0.04056585,-0.034359504,-0.006195283,0.029471347,-0.04050189,0.030682698,0.03548902,Small girl (feat. 도경수(D.O.))
0.03202793,-0.022898331,0.016533837,-0.008960546,-0.033110354,0.03620556,0.03915647,0.034732606,-0.03560063,0.0024451378,0.0134529,-0.03393169,0.010340503,0.025447207,-0.019439375,0.02529003,-0.0020893922,-0.03194083,-0.0030602615,-0.008951731,-0.023585437,-0.025357202,0.019536218,-0.039063197,-0.0293872,-0.03483264,-0.033902872,-0.030867578,-0.013460289,0.026387626,-0.02031292,-0.026936837,0.00057878206,0.040425044,-0.03427641,-0.0062244516,0.029455898,-0.040517647,0.03062333,0.035507713,오래된 노래
0.0320721,-0.02296034,0.016522586,-0.008864499,-0.033068035,0.036183123,0.039121017,0.03475232,-0.03563236,0.0023980793,0.013372098,-0.03390743,0.010256809,0.025354894,-0.019430084,0.02531373,-0.0021728303,-0.031905193,-0.0031060327,-0.008938919,-0.023631545,-0.02536478,0.019492058,-0.039134488,-0.029384343,-0.034953315,-0.03395469,-0.030964633,-0.013400972,0.026398301,-0.020306494,-0.026991105,0.00071233587,0.04035953,-0.034231793,-0.0061795074,0.029388065,-0.040602423,0.030605808,0.03551413,Supersonic
0.032152224,-0.023177655,0.01652561,-0.00860042,-0.033068758,0.036180153,0.0390923,0.034720674,-0.035742614,0.0022558004,0.013122375,-0.033791695,0.010088195,0.025089206,-0.019342376,0.025334446,-0.0023701773,-0.031832132,-0.0032536937,-0.008952803,-0.023798088,-0.025471315,0.019370414,-0.03930259,-0.02943875,-0.035138056,-0.034104098,-0.03113102,-0.01326323,0.026461758,-0.02027136,-0.027136775,0.0010192586,0.040119413,-0.034159686,-0.0061138477,0.029253406,-0.04078717,0.03054001,0.035503116,고민중독
0.032305624,-0.023390425,0.016562168,-0.0084395595,-0.033049848,0.03613394,0.039024457,0.034708023,-0.035741497,0.002124334,0.012948346,-0.03371665,0.009969729,0.02488512,-0.019306563,0.025341073,-0.0025234737,-0.0317937,-0.0033426434,-0.009000553,-0.023903405,-0.025473064,0.019345911,-0.039469834,-0.029484147,-0.03540607,-0.03425452,-0.03128099,-0.013135567,0.026494138,-0.02022011,-0.02729638,0.0012321217,0.039919037,-0.03404821,-0.0060289837,0.02915366,-0.04093094,0.03046524,0.035523277,Drama
0.03171887,-0.022302957,0.016495513,-0.009631682,-0.03314611,0.036293898,0.039280653,0.034817547,-0.03545904,0.0028027885,0.01400175,-0.034232035,0.010782543,0.026154196,-0.019554073,0.02527903,-0.0016133714,-0.032092955,-0.0027404076,-0.008895402,-0.023102006,-0.02512916,0.019776154,-0.03855327,-0.029225096,-0.034175582,-0.03352799,-0.030392662,-0.0138318045,0.026303014,-0.02044962,-0.02656811,-0.00023234745,0.041079536,-0.03458182,-0.0064302795,0.029802913,-0.040033992,0.030828757,0.03550074,가까운 듯 먼 그대여
0.03215238,-0.023116725,0.016541777,-0.0087584825,-0.033033837,0.036180407,0.039105806,0.034745935,-0.035633422,0.0022663856,0.01319686,-0.0338586,0.0101539055,0.025216179,-0.01934596,0.025354497,-0.0023026594,-0.03186243,-0.0032131327,-0.008970122,-0.023677038,-0.025348151,0.019443532,-0.0391873,-0.029385684,-0.0350813,-0.034091234,-0.03105376,-0.013319408,0.02643027,-0.020296449,-0.027135497,0.000888772,0.04020829,-0.034158647,-0.006098977,0.029307099,-0.040724467,0.030578056,0.035522576,Pump Up The Volume!
0.031611722,-0.022163088,0.016496623,-0.009795292,-0.033121552,0.03631107,0.039275188,0.034753855,-0.03540267,0.002911228,0.014183983,-0.034348603,0.010951116,0.026273156,-0.01967426,0.025349723,-0.0015024323,-0.032103315,-0.0026805333,-0.008971106,-0.022984087,-0.025045037,0.019824857,-0.03840468,-0.029175578,-0.03399705,-0.0334236,-0.030302644,-0.013996319,0.02618958,-0.020491311,-0.02652547,-0.00040246095,0.041238915,-0.034679905,-0.0064610397,0.029941974,-0.039942782,0.030880451,0.0354961,천상연
0.032101687,-0.023036318,0.01651449,-0.008771066,-0.03303778,0.036140885,0.039132945,0.034767035,-0.035648156,0.0023216223,0.013299133,-0.03386542,0.010130362,0.02523194,-0.019361084,0.025305385,-0.0023156947,-0.031859905,-0.0031724044,-0.008943738,-0.02367572,-0.025353713,0.019482607,-0.039218973,-0.029351229,-0.035060856,-0.034055404,-0.031119963,-0.013302923,0.026417186,-0.02027618,-0.027110202,0.00092288293,0.040271714,-0.03412137,-0.0061447206,0.029334025,-0.040672783,0.030555999,0.03556108,내가 S면 넌 나의 N이 되어줘
0.031958014,-0.022740839,0.016511336,-0.00908175,-0.03310689,0.036201496,0.03919634,0.034773286,-0.03559716,0.002477755,0.013619967,-0.034042332,0.010399502,0.025568232,-0.019481406,0.025266454,-0.0019818267,-0.031958584,-0.0029397027,-0.008935946,-0.023485204,-0.025296582,0.019592842,-0.038935985,-0.02932893,-0.034737136,-0.033813905,-0.030804724,-0.013511303,0.0263538,-0.020362,-0.02685106,0.00047452576,0.040575493,-0.03434554,-0.0063070394,0.029505244,-0.040425785,0.030655606,0.03551371,다정히 내 이름을 부르면
0.031812396,-0.022322437,0.016510686,-0.009568918,-0.03309905,0.036214534,0.03925121,0.034807574,-0.035536435,0.0027213432,0.0139801195,-0.034259573,0.010720086,0.026009807,-0.01960476,0.025262102,-0.0016337965,-0.03208581,-0.00264315,-0.008923715,-0.023120133,-0.02510742,0.019777222,-0.038584027,-0.029217789,-0.03426905,-0.033612784,-0.03044494,-0.013780907,0.026291123,-0.0204675,-0.026659906,-6.555797e-05,0.041044164,-0.034647904,-0.0064346977,0.029690549,-0.040140945,0.030788124,0.035499185,모래 알갱이
0.032231227,-0.023399914,0.016514374,-0.008375823,-0.033038013,0.03615755,0.039085798,0.03475239,-0.035747528,0.0021517212,0.012905754,-0.03364378,0.009869659,0.024910768,-0.01926402,0.025298946,-0.002560268,-0.031803623,-0.0034032029,-0.008944048,-0.023929784,-0.025538601,0.019318877,-0.039486427,-0.029508278,-0.035363644,-0.034250263,-0.0312635,-0.013094568,0.026546888,-0.020204144,-0.027276633,0.0013121377,0.039900213,-0.034004137,-0.0060532917,0.0291238,-0.040938314,0.030488675,0.03549396,Eyes on you
0.032202642,-0.023302503,0.016519805,-0.008544096,-0.03308119,0.036216274,0.039105624,0.034755964,-0.03571914,0.0022144902,0.012982418,-0.033726815,0.009985651,0.025057415,-0.019268578,0.025310574,-0.0024775977,-0.031809613,-0.0033782097,-0.008913128,-0.023833767,-0.025510276,0.019353032,-0.039369214,-0.029459095,-0.03522485,-0.03417996,-0.031195,-0.013166205,0.026531538,-0.02022227,-0.027227731,0.0011218424,0.040022608,-0.03404932,-0.0060753957,0.02919793,-0.040857174,0.030515768,0.035495747,Armageddon
0.032272298,-0.023488337,0.016516374,-0.008269496,-0.033055414,0.03617074,0.039087027,0.0347147,-0.035763644,0.0020951056,0.012791459,-0.03360264,0.0098209595,0.024807049,-0.019221436,0.025339553,-0.0026485575,-0.03175799,-0.0034856666,-0.00894927,-0.023990033,-0.025605192,0.019246476,-0.03954115,-0.029510228,-0.03543863,-0.034306407,-0.0313151,-0.013028373,0.02656942,-0.020185428,-0.027336443,0.0014403109,0.03977847,-0.033944964,-0.0060478128,0.029080665,-0.041021198,0.030449325,0.035491508,녹아내려요
0.03197747,-0.022700166,0.016535606,-0.009142035,-0.033119258,0.036234688,0.039183844,0.034756042,-0.035587568,0.002568422,0.013619792,-0.03403566,0.010465345,0.025664985,-0.019501043,0.025271704,-0.0019306764,-0.03200684,-0.0029470145,-0.008922408,-0.023421092,-0.025274156,0.01962758,-0.03888992,-0.029342102,-0.034641143,-0.03379615,-0.03068641,-0.013558316,0.026359228,-0.020350708,-0.026842097,0.00035542683,0.040629182,-0.034396198,-0.006293595,0.029523158,-0.04038866,0.030691003,0.035502646,슬픈 초대장
0.031477045,-0.021697918,0.01643162,-0.010254014,-0.03316056,0.03629979,0.039338425,0.034918208,-0.035323385,0.0031238617,0.0145964585,-0.034566294,0.011215001,0.026789822,-0.019749556,0.025229355,-0.0011284797,-0.032252092,-0.0022999581,-0.008850948,-0.022618994,-0.024813345,0.020064661,-0.038004834,-0.02909522,-0.033614,-0.03319928,-0.030011164,-0.014198656,0.026091471,-0.020555297,-0.026295178,-0.0009345824,0.04172929,-0.034886222,-0.0065784045,0.030095557,-0.039588194,0.031029722,0.035494823,I Don't Think That I Like Her
0.032122437,-0.023153426,0.016498504,-0.008647208,-0.0330525,0.036185935,0.039122373,0.034764558,-0.03569326,0.0022793722,0.0131512955,-0.033794966,0.010065495,0.025175244,-0.019310128,0.025301166,-0.0023418234,-0.031870108,-0.0032309627,-0.008925485,-0.023738297,-0.025457298,0.019427447,-0.03926118,-0.029450903,-0.035092797,-0.034106333,-0.031068005,-0.013249422,0.026480712,-0.02026639,-0.027112467,0.0009771581,0.04017413,-0.034146357,-0.006137176,0.029249229,-0.04075278,0.030565502,0.035492107,Do or Die
0.032181922,-0.023242556,0.016529173,-0.008557563,-0.033057794,0.03619846,0.039108694,0.03473894,-0.035720598,0.0022219794,0.01305206,-0.03375483,0.010005191,0.025082203,-0.019293293,0.025294043,-0.0023861057,-0.03184536,-0.0032889117,-0.008922741,-0.023813823,-0.025498128,0.019390687,-0.039321307,-0.029470196,-0.03515914,-0.03416437,-0.031090805,-0.013204571,0.02652208,-0.020284573,-0.027185218,0.001082288,0.040096756,-0.034112256,-0.0060914755,0.02919686,-0.040814295,0.030534243,0.035511825,우리 영화
0.031528775,-0.021879205,0.016532356,-0.010067194,-0.033197965,0.036315095,0.039299782,0.03488455,-0.035405874,0.0030788425,0.014381829,-0.03443809,0.011132141,0.026589856,-0.01972892,0.025288865,-0.001294033,-0.032189127,-0.002449781,-0.008942234,-0.022762103,-0.024872912,0.01995084,-0.0381702,-0.029129134,-0.033720236,-0.03331248,-0.030059284,-0.014123499,0.026164731,-0.020493886,-0.026421413,-0.0006718587,0.041503754,-0.034848746,-0.006578619,0.029986,-0.039685395,0.030981287,0.035511494,너의 모든 순간
0.03199626,-0.022842363,0.016509054,-0.009017261,-0.033072233,0.036212027,0.03917252,0.03478511,-0.035600323,0.0024466852,0.013485536,-0.033974554,0.010311724,0.025534278,-0.01941708,0.025252156,-0.0020650262,-0.03196218,-0.003020468,-0.008889521,-0.023496866,-0.02530055,0.019598508,-0.038970392,-0.029358672,-0.0348004,-0.033912066,-0.03085609,-0.013455115,0.02640739,-0.020341726,-0.026890164,0.0005279278,0.040544823,-0.03429311,-0.0062227715,0.029465048,-0.04049844,0.030665303,0.03551397,Dynamite
0.03200544,-0.022771051,0.01653949,-0.009068368,-0.0330755,0.036247525,0.039164122,0.034810502,-0.03559187,0.0025206164,0.013403334,-0.03395419,0.010376304,0.025547767,-0.019430617,0.025318906,-0.0020513684,-0.031946305,-0.0030131962,-0.00895393,-0.02341088,-0.025232246,0.019556751,-0.038926568,-0.029284528,-0.034652244,-0.03393133,-0.030762484,-0.013527334,0.026405713,-0.02032546,-0.027018636,0.0005438065,0.040558305,-0.034368396,-0.0062433067,0.029436419,-0.04047517,0.030691996,0.035532236,예뻤어
0.031863403,-0.022436619,0.016554452,-0.009457208,-0.03312539,0.03618504,0.039216127,0.034821853,-0.035505384,0.0026785918,0.013883705,-0.03419024,0.010667071,0.025888158,-0.019572437,0.025335273,-0.0018151778,-0.032026958,-0.002807501,-0.008938562,-0.023206504,-0.025115235,0.019707222,-0.038698036,-0.029221332,-0.03444374,-0.033660263,-0.03061763,-0.013731356,0.026258582,-0.020369202,-0.026748037,0.00010853059,0.040879253,-0.034483034,-0.006344943,0.029680932,-0.0401894,0.030755686,0.035547182,MEOW
0.031998433,-0.022849234,0.0165079,-0.009008162,-0.03307353,0.0362144,0.039161846,0.03478499,-0.03563903,0.0024385394,0.013477671,-0.03395897,0.010328179,0.02550163,-0.019403584,0.025268516,-0.0020871258,-0.03194812,-0.0030392157,-0.008886833,-0.023530483,-0.025312135,0.019593969,-0.039018627,-0.029356768,-0.034790892,-0.03390066,-0.03088736,-0.0134636415,0.026392153,-0.020331612,-0.026932517,0.0005385936,0.040507227,-0.03428076,-0.00620131,0.02944926,-0.040504444,0.0306476,0.03550899,Watch Me Woo!
0.0320415,-0.02295317,0.01652579,-0.00891899,-0.033098985,0.036228526,0.039151445,0.0347612,-0.035646453,0.0024247954,0.013321231,-0.03389528,0.010245837,0.025434291,-0.019372217,0.025290623,-0.0021421297,-0.03192779,-0.003131128,-0.008928788,-0.023557082,-0.025367634,0.019522442,-0.03905968,-0.02939477,-0.034851283,-0.033975545,-0.030865073,-0.013400152,0.026457386,-0.020300431,-0.027005233,0.000673299,0.040396202,-0.034265075,-0.0061994386,0.02938748,-0.0405696,0.030627137,0.035485644,인사
0.032208826,-0.023354908,0.016522037,-0.008399204,-0.03308179,0.036177758,0.03910935,0.034746114,-0.035721194,0.0021934325,0.012970134,-0.03367242,0.0099344,0.024969108,-0.019283153,0.025297811,-0.0025363136,-0.031820063,-0.0033810374,-0.008946099,-0.023901267,-0.025532246,0.019328935,-0.039452314,-0.029517248,-0.035322234,-0.03421002,-0.031210097,-0.013108414,0.026526341,-0.020203963,-0.027229711,0.001237797,0.03992202,-0.034005757,-0.0060963333,0.029166915,-0.04089353,0.03049674,0.03548841,Water
0.0321148,-0.02311678,0.016506884,-0.008652915,-0.033052877,0.036154184,0.039136916,0.034745846,-0.03565831,0.0023109738,0.013222964,-0.03380045,0.010104648,0.025191044,-0.019383589,0.025304414,-0.0023399377,-0.031868424,-0.0032292998,-0.008949259,-0.023750791,-0.025435222,0.019420013,-0.039293304,-0.029420728,-0.03510071,-0.034056485,-0.031085819,-0.0132667245,0.026443696,-0.020252502,-0.02709409,0.0009669137,0.04017772,-0.03411666,-0.0061661615,0.02929774,-0.040724013,0.030562572,0.0355242,1 TO 13
0.032125946,-0.023139985,0.01650487,-0.008698906,-0.03305364,0.036184568,0.03911947,0.034761947,-0.03568049,0.002310258,0.013166648,-0.033783898,0.01012721,0.02521835,-0.019339772,0.025295516,-0.002309404,-0.03186204,-0.0032379963,-0.008931571,-0.023718545,-0.0254087,0.01944125,-0.039254468,-0.029428383,-0.03507642,-0.034083128,-0.031045327,-0.013264406,0.026468938,-0.020246511,-0.027114125,0.000930754,0.040188704,-0.034146145,-0.0061263074,0.029280363,-0.040731553,0.030567037,0.035493765,Supernatural
0.031881224,-0.022681544,0.016520219,-0.009197112,-0.03307058,0.03623773,0.039191887,0.034787174,-0.035541397,0.0025884951,0.013650562,-0.034032185,0.010479443,0.025715983,-0.019497627,0.025278805,-0.0019069897,-0.032017812,-0.0029179936,-0.008954285,-0.023377791,-0.025243824,0.019649135,-0.03887078,-0.029337252,-0.03457539,-0.03377309,-0.030679217,-0.01360928,0.026351882,-0.020361753,-0.026815133,0.000296695,0.04068969,-0.034413483,-0.0063056103,0.029575208,-0.04035056,0.03073956,0.035508208,청혼하지 않을 이유를 못 찾았어
0.032252464,-0.023291206,0.016545724,-0.008481809,-0.0330741,0.036088854,0.039097093,0.034696084,-0.035737514,0.0021624465,0.01312121,-0.033739638,0.009980525,0.02491103,-0.019339463,0.025318973,-0.002488729,-0.03181744,-0.0032838348,-0.008956698,-0.023938553,-0.02552058,0.019340483,-0.03946066,-0.029449733,-0.035357628,-0.034151807,-0.03129904,-0.013147752,0.026468446,-0.02023779,-0.027190788,0.0012128195,0.039958075,-0.03401498,-0.0060848636,0.02920404,-0.040865976,0.030437427,0.03554264,Hype Boy
0.031967092,-0.022766098,0.016523892,-0.0090985885,-0.03307466,0.03617781,0.03916617,0.034769423,-0.03562352,0.0025158795,0.013534469,-0.033969667,0.010395058,0.025552714,-0.019460762,0.025331594,-0.0020530366,-0.031945046,-0.00301091,-0.008964066,-0.02344656,-0.02524423,0.019584492,-0.038940486,-0.029326148,-0.034727726,-0.03386973,-0.030819679,-0.013519178,0.02635117,-0.020329889,-0.02692307,0.0005157863,0.040562984,-0.03436033,-0.0062318095,0.029484956,-0.040463604,0.03066981,0.035498593,Sticky
0.03213314,-0.023150867,0.016510865,-0.0086314455,-0.033075124,0.036162507,0.039136153,0.034757216,-0.035711166,0.0022801815,0.013182655,-0.03380375,0.01007945,0.025170907,-0.019338362,0.025281832,-0.0023611025,-0.031857256,-0.003252701,-0.008927182,-0.02376821,-0.02546676,0.019416818,-0.039299145,-0.02945599,-0.03515097,-0.034078274,-0.031114027,-0.013232093,0.026472308,-0.020262433,-0.02711107,0.000996383,0.04014292,-0.034131918,-0.006157107,0.02926516,-0.040750455,0.030531945,0.035493832,I AM
0.031777337,-0.022331819,0.01653637,-0.009579443,-0.03313862,0.03626714,0.0392227,0.034809574,-0.03551685,0.002800744,0.013917946,-0.034185782,0.010759289,0.026090069,-0.019604305,0.025285082,-0.0016389008,-0.032109745,-0.002727801,-0.008931304,-0.023093417,-0.025082977,0.01977548,-0.038546924,-0.029268922,-0.03420824,-0.033627987,-0.030368589,-0.013826848,0.026289439,-0.020422854,-0.026688129,-0.00013824056,0.04102316,-0.034636438,-0.0063922517,0.029696792,-0.04007615,0.030825684,0.035481066,주저하는 연인들을 위해
0.031869948,-0.022560269,0.016499542,-0.009385288,-0.0331382,0.036252894,0.03923508,0.034776513,-0.03553695,0.0026275811,0.013776444,-0.034129564,0.010611051,0.02589827,-0.019498838,0.025255688,-0.00179653,-0.032033395,-0.002884026,-0.008881588,-0.023275236,-0.025199628,0.019708568,-0.038746223,-0.029309144,-0.03449901,-0.03368519,-0.030596087,-0.013657674,0.026367998,-0.02039939,-0.026704604,5.6275632e-05,0.040809225,-0.03445296,-0.006329401,0.029661976,-0.04025926,0.030721178,0.035495657,Bubble Gum
0.031407777,-0.021616166,0.01648775,-0.010315083,-0.033179622,0.036350116,0.039360996,0.034876466,-0.03532605,0.0032295303,0.014603817,-0.034549292,0.011306685,0.026875501,-0.019818893,0.025303036,-0.0011003471,-0.03225138,-0.0023605677,-0.008941461,-0.022541402,-0.02479509,0.020053156,-0.03795061,-0.029074004,-0.03346071,-0.03317667,-0.02985543,-0.014305729,0.026098393,-0.0205539,-0.02629964,-0.00096812006,0.041760206,-0.035004217,-0.0066750683,0.030150132,-0.0395191,0.031066263,0.035482023,"어떻게 이별까지 사랑하겠어, 널 사랑하는 거지"
0.03217917,-0.023190593,0.016519764,-0.008610715,-0.033054758,0.036114696,0.03910396,0.03470883,-0.03570041,0.0022325157,0.013203141,-0.033820007,0.010080374,0.0250467,-0.019378778,0.025309978,-0.0023456928,-0.031835664,-0.0032129474,-0.0089546675,-0.023841515,-0.025472531,0.019399496,-0.039349277,-0.029439539,-0.0351864,-0.03410018,-0.031160563,-0.013267819,0.026437143,-0.020269807,-0.027114421,0.0010115533,0.04009885,-0.03412631,-0.006120332,0.029246032,-0.040784646,0.030483248,0.035525054,ETA
0.032234974,-0.023357792,0.01662418,-0.008494276,-0.033050388,0.036211215,0.039059445,0.034776688,-0.035722148,0.0022246751,0.012892634,-0.03371416,0.009970076,0.025045855,-0.019291641,0.025304517,-0.0024648844,-0.031846527,-0.0033693209,-0.008966391,-0.023805097,-0.025436059,0.01940771,-0.03939445,-0.029480249,-0.035282973,-0.03426366,-0.031113626,-0.01315894,0.026579274,-0.020182071,-0.027287094,0.0011318033,0.040026456,-0.034061257,-0.0060534314,0.02915964,-0.040887203,0.03053589,0.035533175,봄날
